Workbook

Sheet Feuille
B1: Cachet de l'etablissement
D2: FEUILLE DE CONSOMMATION JOURNALIERE | J2: Office National des Oeuvres Universitaires
J3: Direction des Oeuvres Universitaires
J4: Résidence Universitaire : 500 Lits
C6: Journée du | D6: 46174 | J6: brarhi abdelhak restau central
A7: NATURE DES DENREES | C7: Stock magasin | D7: Entrées Du Jour | F7: Total du | G7: Sorties Du Jour | J7: Restes du | K7: OBSERVATIONS | L7: EFFECTIF DE LA JOURNEE
A8: DE CONSOMMATION | C8: de la veille | D8: Quantités | E8: P.U | F8: Magasin | G8: Quantités | H8: P.U | I8: Valeur des sorties de la jourée | J8: Quantités
A9: 1 | B9: خبز محسن 250 غ | C9: ='شهر ماي'!J2054 | D9: 100 | E9: 8 | F9: =C9+D9 -> 100 | G9: 100 | H9: =E9 -> 8 | I9: =G9*H9 -> 800 | J9: =F9-G9 | M9: Petit | N9: Déjenuer | O9: Diner
A10: 2 | B10: هلالـــيات | C10: ='شهر ماي'!J2055 | E10: 30 | F10: =C10+D10 | H10: =E10 -> 30 | I10: =G10*H10 | J10: =F10-G10 | M10: Déjenuer
A11: 3 | B11: حليب بودرة جاف | C11: ='شهر ماي'!J2056 | E11: 1100 | F11: =C11+D11 | H11: =E11 -> 1100 | I11: =G11*H11 | J11: =F11-G11 | L11: Pensio- | M11: 0 | N11: 111 | O11: 0
A12: 4 | B12: ســـــــكــر | C12: ='شهر ماي'!J2057 | E12: 90 | F12: =C12+D12 | H12: =E12 -> 90 | I12: =G12*H12 | J12: =F12-G12 | L12: nnaires
A13: 5 | B13: قهـــــــــوة | C13: ='شهر ماي'!J2058 | E13: 1000 | F13: =C13+D13 | H13: =E13 -> 1000 | I13: =G13*H13 | J13: =F13-G13 | L13: Agents | M13: 0 | N13: 0 | O13: 0
A14: 6 | B14: مربى | C14: ='شهر ماي'!J2059 | E14: 273.7 | F14: =C14+D14 | H14: =E14 -> 273.7 | I14: =G14*H14 | J14: =F14-G14 | L14: Invités
A15: 7 | B15: ميلفاي | C15: ='شهر ماي'!J2060 | E15: 40 | F15: =C15+D15 | H15: =E15 -> 40 | I15: =G15*H15 | J15: =F15-G15 | L15: TOTAUX | M15: =SUM(M10:M14) | N15: =N11 -> 111 | O15: =O11+O13
A16: 8 | B16: كروكـــــــــــــي | C16: ='شهر ماي'!J2061 | E16: 30 | F16: =C16+D16 | H16: =E16 -> 30 | I16: =G16*H16 | J16: =F16-G16
A17: 9 | B17: خبز بالشكولاطة | C17: ='شهر ماي'!J2062 | E17: 30 | F17: =C17+D17 | H17: =E17 -> 30 | I17: =G17*H17 | J17: =F17-G17
A18: 10 | B18: مــــــادلان | C18: ='شهر ماي'!J2063 | E18: 60 | F18: =C18+D18 | H18: =E18 -> 60 | I18: =G18*H18 | J18: =F18-G18 | L18: (1) Moyenne des | N18: =SUM(N11) -> 111
A19: 11 | B19: لحـــم العـــــجل | C19: ='شهر ماي'!J2064 | E19: 1559 | F19: =C19+D19 | H19: =E19 -> 1559 | I19: =G19*H19 | J19: =F19-G19 | L19: Personnes nourries
A20: 12 | B20: لحم الخروف | C20: ='شهر ماي'!J2065 | E20: 2295 | F20: =C20+D20 | H20: =E20 -> 2295 | I20: =G20*H20 | J20: =F20-G20
A21: 14 | B21: دجــــــاج طازج | C21: ='شهر ماي'!J2066 | E21: 450 | F21: =C21+D21 | H21: =E21 -> 450 | I21: 0 | J21: =F21-G21
A22: 13 | B22: Lait en boit 1 L | C22: ='شهر ماي'!J2067 | E22: 120 | F22: =C22+D22 | H22: =E22 -> 120 | I22: =G22*H22 | J22: =F22-G22 | M22: Menu
A23: 14 | B23: fromage ميزان | C23: ='شهر ماي'!J2068 | E23: 571.2 | F23: =C23+D23 | H23: =E23 -> 571.2 | I23: =G23*H23 | J23: =F23-G23
A24: 15 | B24: سمك سردين | C24: ='شهر ماي'!J2069 | E24: 1356.6 | F24: =C24+D24 | H24: =E24 -> 1356.6 | I24: =G24*H24 | J24: =F24-G24 | M24: Petit Déjenue
A25: 16 | B25: زلابية | C25: ='شهر ماي'!J2070 | E25: 430 | F25: =C25+D25 | H25: =E25 -> 430 | I25: =G25*H25 | J25: =F25-G25
A26: 17 | B26: قلب اللوز | C26: ='شهر ماي'!J2071 | E26: 45 | F26: =C26+D26 | H26: =E26 -> 45 | I26: =G26*H26 | J26: =F26-G26
A27: 18 | B27: بطاطا مسحوقة | C27: ='شهر ماي'!J2072 | E27: 1142.4 | F27: =C27+D27 | H27: =E27 -> 1142.4 | I27: =G27*H27 | J27: =F27-G27
A28: 19 | B28: فطر معلب | C28: ='شهر ماي'!J2073 | E28: 1142.4 | F28: =C28+D28 | H28: =E28 -> 1142.4 | I28: =G28*H28 | J28: =F28-G28
A29: 20 | B29: بيـــــــــض | C29: ='شهر ماي'!J2074 -> 1418 | E29: 16 | F29: =C29+D29 -> 1418 | H29: =E29 -> 16 | I29: =G29*H29 | J29: =F29-G29 -> 1418
A30: 21 | B30: جبـــــــــن 1/16 | C30: ='شهر ماي'!J2075 -> 444 | E30: 218.96 | F30: =C30+D30 -> 444 | G30: 14 | H30: =E30 -> 218.96 | I30: =G30*H30 -> 3065.44 | J30: =F30-G30 -> 430
A31: 22 | B31: ورق المنيوم | C31: ='شهر ماي'!J2076 | E31: 2975 | F31: =C31+D31 | H31: =E31 -> 2975 | I31: =G31*H31 | J31: =F31-G31
A32: 23 | B32: لبن 1 ليتر | C32: ='شهر ماي'!J2077 | E32: 74.38 | F32: =C32+D32 | H32: =E32 -> 74.38 | I32: =G32*H32 | J32: =F32-G32
A33: 24 | B33: جبن صلب لتبشير | C33: ='شهر ماي'!J2078 | E33: 1190 | F33: =C33+D33 | H33: =E33 -> 1190 | I33: =G33*H33 | J33: =F33-G33
A34: 25 | B34: زيــــــــــــــــت | C34: ='شهر ماي'!J2079 -> 13.8 | E34: 600 | F34: =C34+D34 -> 13.8 | G34: 0.2 | H34: =E34 -> 600 | I34: =G34*H34 -> 120 | J34: =F34-G34 -> 13.6
A35: 26 | B35: خـــــــــــــــل | C35: ='شهر ماي'!J2080 -> 80 | E35: 119 | F35: =C35+D35 -> 80 | G35: 1 | H35: =E35 -> 119 | I35: =G35*H35 -> 119 | J35: =F35-G35 -> 79 | M35: Déjenue
A36: 27 | B36: ملح المائدة | C36: ='شهر ماي'!J2081 -> 64 | E36: 47.6 | F36: =C36+D36 -> 64 | G36: 1 | H36: =E36 -> 47.6 | I36: =G36*H36 -> 47.6 | J36: =F36-G36 -> 63
A37: 28 | B37: طماطم 4/4 | C37: ='شهر ماي'!J2082 -> 172 | E37: 357 | F37: =C37+D37 -> 172 | G37: 2 | H37: =E37 -> 357 | I37: =G37*H37 -> 714 | J37: =F37-G37 -> 170
A38: 29 | B38: عين بقرة | C38: ='شهر ماي'!J2083 | E38: 1904 | F38: =C38+D38 | H38: =E38 -> 1904 | I38: =G38*H38 | J38: =F38-G38
A39: 30 | B39: زبيب جاف | C39: ='شهر ماي'!J2084 | E39: 1190 | F39: =C39+D39 | H39: =E39 -> 1190 | I39: =G39*H39 | J39: =F39-G39
A40: 31 | B40: توابل | C40: ='شهر ماي'!J2085 -> 0.95 | E40: 1428 | F40: =C40+D40 -> 0.95 | G40: 0.2 | H40: =E40 -> 1428 | I40: =G40*H40 -> 285.6 | J40: =F40-G40 -> 0.75 | L40: مقرونة +جبن + سلاطة متنوعة +خبز
A41: 32 | B41: مارغــــــرين | C41: ='شهر ماي'!J2086 -> 18 | E41: 238 | F41: =C41+D41 -> 18 | G41: 1 | H41: =E41 -> 238 | I41: =G41*H41 -> 238 | J41: =F41-G41 -> 17 | L41: برتقال + ماء
A42: 33 | B42: رايب | C42: ='شهر ماي'!J2087 | E42: 74.38 | F42: =C42+D42 | H42: =E42 -> 74.38 | I42: =G42*H42 | J42: =F42-G42
A43: 34 | B43: جلبانة مجمدة | C43: ='شهر ماي'!J2088 | E43: 714 | F43: =C43+D43 | H43: =E43 -> 714 | I43: =G43*H43 | J43: =F43-G43
A44: 35 | B44: أرز | C44: ='شهر ماي'!J2089 -> 172 | E44: 152.6 | F44: =C44+D44 -> 172 | H44: =E44 -> 152.6 | I44: =G44*H44 | J44: =F44-G44 -> 172
A45: 36 | B45: عدس | C45: ='شهر ماي'!J2090 -> 382 | E45: 272.5 | F45: =C45+D45 -> 382 | H45: =E45 -> 272.5 | I45: =G45*H45 | J45: =F45-G45 -> 382
A46: 37 | B46: فاصـــــ,لياء | C46: ='شهر ماي'!J2091 -> 360 | E46: 348.8 | F46: =C46+D46 -> 360 | H46: =E46 -> 348.8 | I46: =G46*H46 | J46: =F46-G46 -> 360
A47: 38 | B47: حمــــــص | C47: ='شهر ماي'!J2092 -> 396 | E47: 403.3 | F47: =C47+D47 -> 396 | H47: =E47 -> 403.3 | I47: =G47*H47 | J47: =F47-G47 -> 396
A48: 39 | B48: عجائن غذائية | C48: ='شهر ماي'!J2093 -> 535 | E48: 130.8 | F48: =C48+D48 -> 535 | G48: 30 | H48: =E48 -> 130.8 | I48: 1308 | J48: =F48-G48 -> 505 | L48: سلفة 240 علبة ياؤورت معطر و20 كلغ مقرونة
A49: 40 | B49: ماء | C49: ='شهر ماي'!J2094 -> 2260 | E49: 17.85 | F49: =C49+D49 -> 2260 | G49: 111 | H49: =E49 -> 17.85 | I49: =G49*H49 -> 1981.35 | J49: =F49-G49 -> 2149 | L49: للإقامة الجامعية زرفة حكار
A50: 41 | B50: تشيشة فريك | C50: ='شهر ماي'!J2095 | E50: 392.4 | F50: =C50+D50 | H50: =E50 -> 392.4 | I50: =G50*H50 | J50: =F50-G50
A51: 42 | B51: كــــسكــــس | C51: ='شهر ماي'!J2096 | E51: 130.8 | F51: =C51+D51 | H51: =E51 -> 130.8 | I51: =G51*H51 | J51: =F51-G51
A52: 43 | B52: شخشوخة | C52: ='شهر ماي'!J2097 -> 63 | E52: 207.1 | F52: =C52+D52 -> 63 | H52: =E52 -> 207.1 | I52: =G52*H52 | J52: =F52-G52 -> 63
A53: 44 | B53: مشمش جاف | C53: ='شهر ماي'!J2098 | E53: 1737.4 | F53: =C53+D53 | H53: =E53 -> 1737.4 | I53: =G53*H53 | J53: =F53-G53
A54: 45 | B54: ماييس علبة 1 كلغ | C54: ='شهر ماي'!J2099 | E54: 618.8 | F54: =C54+D54 | H54: =E54 -> 618.8 | I54: =G54*H54 | J54: =F54-G54
A55: 46 | B55: سردين علبة 120 غ | C55: ='شهر ماي'!J2100 -> 1345 | E55: 190.4 | F55: =C55+D55 -> 1345 | H55: =E55 -> 190.4 | I55: =G55*H55 | J55: =F55-G55 -> 1345
A56: 47 | B56: بودرة الشوكولاطة | C56: ='شهر ماي'!J2101 | E56: 654.5 | F56: =C56+D56 | H56: =E56 -> 654.5 | I56: =G56*H56 | J56: =F56-G56
A57: 48 | B57: مكعب المرق | C57: ='شهر ماي'!J2102 | E57: 17.85 | F57: =C57+D57 | H57: =E57 -> 17.85 | I57: =G57*H57 | J57: =F57-G57
A58: 49 | B58: تـــــــــــــــــــــونة | C58: ='شهر ماي'!J2103 -> 1054 | E58: 119 | F58: =C58+D58 -> 1054 | H58: =E58 -> 119 | I58: =G58*H58 | J58: =F58-G58 -> 1054 | M58: Diner
A59: 50 | B59: بصـــــل | C59: ='شهر ماي'!J2104 -> 5 | E59: 65 | F59: =C59+D59 -> 5 | G59: 2 | H59: =E59 -> 65 | I59: =G59*H59 -> 130 | J59: =F59-G59 -> 3
A60: 51 | B60: لفت منزوع الاوراق | C60: ='شهر ماي'!J2105 | E60: 95 | F60: =C60+D60 | H60: =E60 -> 95 | I60: =G60*H60 | J60: =F60-G60
A61: 52 | B61: ثـــــوم | C61: ='شهر ماي'!J2106 -> 6.9 | E61: 450 | F61: =C61+D61 -> 6.9 | G61: 0.25 | H61: =E61 -> 450 | I61: =G61*H61 -> 112.5 | J61: =F61-G61 -> 6.65
A62: 53 | B62: بطــــاطــــــــا | C62: ='شهر ماي'!J2107 -> 8 | E62: 75 | F62: =C62+D62 -> 8 | H62: =E62 -> 75 | I62: =G62*H62 | J62: =F62-G62 -> 8
A63: 54 | B63: سلاطــــــــــة | C63: ='شهر ماي'!J2108 -> 120 | E63: 125 | F63: =C63+D63 -> 120 | G63: 30 | H63: =E63 -> 125 | I63: 1250 | J63: =F63-G63 -> 90
A64: 55 | B64: خيـــــــار | C64: ='شهر ماي'!J2109 -> 5 | E64: 120 | F64: =C64+D64 -> 5 | G64: 2 | H64: =E64 -> 120 | I64: =G64*H64 -> 240 | J64: =F64-G64 -> 3
A65: 56 | B65: شمندر منزوع الاوراق | C65: ='شهر ماي'!J2110 -> 9 | E65: 95 | F65: =C65+D65 -> 9 | G65: 3 | H65: =E65 -> 95 | I65: =G65*H65 -> 285 | J65: =F65-G65 -> 6
A66: 57 | B66: بســـــباس | C66: ='شهر ماي'!J2111 | E66: 90 | F66: =C66+D66 | H66: =E66 -> 90 | I66: =G66*H66 | J66: =F66-G66
A67: 58 | B67: قرنبيط | C67: ='شهر ماي'!J2112 | E67: 110 | F67: =C67+D67 | H67: =E67 -> 110 | I67: =G67*H67 | J67: =F67-G67
A68: 59 | B68: طمـــــــــــــاطم حب | C68: ='شهر ماي'!J2113 -> 7 | E68: 110 | F68: =C68+D68 -> 7 | G68: 2 | H68: =E68 -> 110 | I68: =G68*H68 -> 220 | J68: =F68-G68 -> 5
A69: 60 | B69: فلفل حلو و حار | C69: ='شهر ماي'!J2114 | E69: 125 | F69: =C69+D69 | H69: =E69 -> 125 | I69: =G69*H69 | J69: =F69-G69
A70: 61 | B70: زيتون المائدة | C70: ='شهر ماي'!J2115 -> 67 | E70: 487.9 | F70: =C70+D70 -> 67 | G70: 1 | H70: =E70 -> 487.9 | I70: =G70*H70 -> 487.9 | J70: =F70-G70 -> 66
A71: 62 | B71: زيتون بدون نــــوى | C71: ='شهر ماي'!J2116 -> 7 | E71: 559.3 | F71: =C71+D71 -> 7 | H71: =E71 -> 559.3 | I71: =G71*H71 | J71: =F71-G71 -> 7
A72: 63 | B72: اعشاب عطرية | C72: ='شهر ماي'!J2117 | E72: 400 | F72: =C72+D72 | H72: =E72 -> 400 | I72: =G72*H72 | J72: =F72-G72
A73: 64 | B73: جــــــــــزر | C73: ='شهر ماي'!J2118 -> 32 | E73: 93 | F73: =C73+D73 -> 32 | G73: 8 | H73: =E73 -> 93 | I73: =G73*H73 -> 744 | J73: =F73-G73 -> 24
A74: 65 | B74: كرم | C74: ='شهر ماي'!J2119 | E74: 100 | F74: =C74+D74 | H74: =E74 -> 100 | I74: =G74*H74 | J74: =F74-G74
A75: 66 | B75: فاصولياء خضراء | C75: ='شهر ماي'!J2120 | E75: 240 | F75: =C75+D75 | H75: =E75 -> 240 | I75: =G75*H75 | J75: =F75-G75
A76: 67 | B76: بيذنجان | C76: ='شهر ماي'!J2121 | E76: 100 | F76: =C76+D76 | H76: =E76 -> 100 | I76: =G76*H76 | J76: =F76-G76
A77: 68 | B77: خرشف | C77: ='شهر ماي'!J2122 | E77: 120 | F77: =C77+D77 | H77: =E77 -> 120 | I77: =G77*H77 | J77: =F77-G77 | L77: Dépence par personne nourrie:
A78: 69 | B78: جريوات | C78: ='شهر ماي'!J2123 | E78: 130 | F78: =C78+D78 | H78: =E78 -> 130 | I78: =G78*H78 | J78: =F78-G78
A79: 70 | B79: ليمون | C79: ='شهر ماي'!J2124 | E79: 150 | F79: =C79+D79 | H79: =E79 -> 150 | I79: =G79*H79 | J79: =F79-G79
A80: 71 | B80: برتقـــــــــــال | C80: ='شهر ماي'!J2125 -> 69 | E80: 230 | F80: =C80+D80 -> 69 | G80: 23 | H80: =E80 -> 230 | I80: =G80*H80 -> 5290 | J80: =F80-G80 -> 46 | L80: Valeur des sorties de la journée
A81: 72 | B81: مندريــــــن | C81: ='شهر ماي'!J2126 | E81: 230 | F81: =C81+D81 | H81: =E81 -> 230 | I81: =G81*H81 | J81: =F81-G81 | L81: Moyenne des personnes nourries
A82: 73 | B82: مشمش | C82: ='شهر ماي'!J2127 | E82: 260 | F82: =C82+D82 | H82: =E82 -> 260 | I82: =G82*H82 | J82: =F82-G82
A83: 74 | B83: تفــــــــــــــاح | C83: ='شهر ماي'!J2128 | E83: 430 | F83: =C83+D83 | H83: =E83 -> 430 | I83: =G83*H83 | J83: =F83-G83 | L83: = | M83: =I99 -> 17438.39
A84: 75 | B84: موز | C84: ='شهر ماي'!J2129 | E84: 476 | F84: =C84+D84 | H84: =E84 -> 476 | I84: 0 | J84: =F84-G84 | M84: =N18 -> 111
A85: 76 | B85: تمـــــــر | C85: ='شهر ماي'!J2130 | E85: 450 | F85: =C85+D85 | H85: =E85 -> 450 | I85: =G85*H85 | J85: =F85-G85
A86: 77 | B86: / | C86: ='شهر ماي'!J2131 | E86: 0 | F86: =C86+D86 | H86: =E86 | I86: =G86*H86 | J86: =F86-G86 | L86: = | M86: =M83/M84 -> 157.1
A87: 78 | B87: خوخ | C87: ='شهر ماي'!J2132 | E87: 250 | F87: =C87+D87 | H87: =E87 -> 250 | I87: =G87*H87 | J87: =F87-G87
A88: 79 | B88: ياؤورت معطر | C88: ='شهر ماي'!J2133 -> 579 | E88: 23.8 | F88: =C88+D88 -> 579 | G88: 240 | H88: =E88 -> 23.8 | I88: 0 | J88: =F88-G88 -> 339 | L88: (1) Moyenne des effectifs au repas
A89: 80 | B89: كرام ديسار | C89: ='شهر ماي'!J2134 | E89: 22.43 | F89: =C89+D89 | H89: =E89 -> 22.43 | I89: =G89*H89 | J89: =F89-G89 | L89: de midi et au repas du soir
A90: 81 | B90: / | C90: ='شهر ماي'!J2135 | E90: 0 | F90: =C90+D90 | H90: =E90 | I90: =G90*H90 | J90: =F90-G90
A91: 82 | B91: عصيـــــــــر | C91: ='شهر ماي'!J2136 -> 1557 | E91: 26.18 | F91: =C91+D91 -> 1557 | H91: =E91 -> 26.18 | I91: =G91*H91 | J91: =F91-G91 -> 1557
A92: 83 | B92: ياؤورت فرويتي | C92: ='شهر ماي'!J2137 | E92: 29.75 | F92: =C92+D92 | H92: =E92 -> 29.75 | I92: =G92*H92 | J92: =F92-G92
A93: 84 | B93: زعرور | C93: ='شهر ماي'!J2138 -> 48 | E93: 280 | F93: =C93+D93 -> 48 | H93: =E93 -> 280 | I93: =G93*H93 | J93: =F93-G93 -> 48
A94: 85 | B94: اجاص | C94: ='شهر ماي'!J2139 | E94: 450 | F94: =C94+D94 | H94: =E94 -> 450 | I94: =G94*H94 | J94: =F94-G94
A95: 86 | B95: ورق ديول | C95: ='شهر ماي'!J2140 | E95: 130.9 | F95: =C95+D95 | H95: =E95 -> 130.9 | I95: =G95*H95 | J95: =F95-G95
A96: 87 | B96: عنب | C96: ='شهر ماي'!J2141 | E96: 200 | F96: =C96+D96 | H96: =E96 -> 200 | I96: =G96*H96 | J96: =F96-G96
A97: 88 | B97: برقوق | C97: ='شهر ماي'!J2142 | E97: 300 | F97: =C97+D97 | H97: =E97 -> 300 | I97: =G97*H97 | J97: =F97-G97
A98: 89 | B98: فرولة | C98: ='شهر ماي'!J2143 | E98: 300 | F98: =C98+D98 | H98: =E98 -> 300 | I98: =G98*H98 | J98: =F98-G98
C99: =SUM(C9:C98) -> 11297.65 | D99: =SUM(D9:D98) -> 100 | E99: =SUM(E9:E98) -> 36242.98 | F99: =SUM(F9:F98) -> 11397.65 | G99: =SUM(G9:G98) -> 571.65 | H99: =SUM(H9:H98) -> 36242.98 | I99: =SUM(I9:I98) -> 17438.39 | J99: =SUM(J9:J98) -> 10826
C100: مدير الاقامة الجامعية | M100: رئيس المصلحة
